{"cameraMode":{"drawMode":0,"name":"Shaded","section":"Shading Mode"},"sceneLighting":false,"audioPlay":false,"sceneViewState":{"showFog":false,"showMaterialUpdate":false,"showSkybox":false,"showFlares":false,"showImageEffects":false,"showParticleSystems":false},"in2DMode":false,"pivot":{"x":0.03291583061218262,"y":1.3942217826843262,"z":0.011787891387939453},"rotation":{"x":-0.0573522187769413,"y":0.7735275030136108,"z":0.07073462009429932,"w":0.6271877884864807},"size":3.7523317337036135,"orthographic":false}