{"cameraMode":{"drawMode":0,"name":"Shaded","section":"Shading Mode"},"sceneLighting":false,"audioPlay":false,"sceneViewState":{"showFog":false,"showMaterialUpdate":false,"showSkybox":false,"showFlares":false,"showImageEffects":false,"showParticleSystems":false},"in2DMode":false,"pivot":{"x":0.016929149627685548,"y":0.13617539405822755,"z":-0.006547331809997559},"rotation":{"x":0.0127018503844738,"y":0.8948000073432922,"z":-0.025508727878332139,"w":0.4455588757991791},"size":3.189114809036255,"orthographic":false}