{"cameraMode":{"drawMode":0,"name":"Shaded","section":"Shading Mode"},"sceneLighting":false,"audioPlay":false,"sceneViewState":{"showFog":false,"showMaterialUpdate":false,"showSkybox":false,"showFlares":false,"showImageEffects":false,"showParticleSystems":false},"in2DMode":false,"pivot":{"x":-0.07000517845153809,"y":0.3280564546585083,"z":-0.025775402784347535},"rotation":{"x":0.09117412567138672,"y":-0.8253625631332398,"z":0.13946780562400819,"w":0.5395466685295105},"size":0.31162816286087038,"orthographic":false}