{"cameraMode":{"drawMode":0,"name":"Shaded","section":"Shading Mode"},"sceneLighting":false,"audioPlay":false,"sceneViewState":{"showFog":false,"showMaterialUpdate":false,"showSkybox":false,"showFlares":false,"showImageEffects":false,"showParticleSystems":false},"in2DMode":false,"pivot":{"x":-0.1877509355545044,"y":0.13426828384399415,"z":-0.08713269233703613},"rotation":{"x":0.0524057000875473,"y":0.1195412427186966,"z":-0.006318823900073767,"w":0.9914271235466003},"size":3.280569076538086,"orthographic":false}