{"cameraMode":{"drawMode":0,"name":"Shaded","section":"Shading Mode"},"sceneLighting":false,"audioPlay":false,"sceneViewState":{"showFog":false,"showMaterialUpdate":false,"showSkybox":false,"showFlares":false,"showImageEffects":false,"showParticleSystems":false},"in2DMode":false,"pivot":{"x":12.334859848022461,"y":2.8558359146118166,"z":-3.5627832412719728},"rotation":{"x":0.06764721870422363,"y":-0.9314563274383545,"z":0.26250705122947695,"w":0.24269933998584748},"size":11.371637344360352,"orthographic":false}