{"cameraMode":{"drawMode":0,"name":"Shaded","section":"Shading Mode"},"sceneLighting":false,"audioPlay":false,"sceneViewState":{"showFog":false,"showMaterialUpdate":false,"showSkybox":false,"showFlares":false,"showImageEffects":false,"showParticleSystems":false},"in2DMode":false,"pivot":{"x":-0.03439152240753174,"y":-0.1514642834663391,"z":-0.0298844575881958},"rotation":{"x":0.09117412567138672,"y":-0.8253625631332398,"z":0.13946780562400819,"w":0.5395466685295105},"size":1.2465126514434815,"orthographic":false}