{"cameraMode":{"drawMode":0,"name":"Shaded","section":"Shading Mode"},"sceneLighting":false,"audioPlay":false,"sceneViewState":{"showFog":false,"showMaterialUpdate":false,"showSkybox":false,"showFlares":false,"showImageEffects":false,"showParticleSystems":false},"in2DMode":false,"pivot":{"x":-0.07951006293296814,"y":0.6324767470359802,"z":0.0},"rotation":{"x":-0.002723562764003873,"y":-0.9613680243492127,"z":0.009516127407550812,"w":-0.27509647607803347},"size":0.9082400798797607,"orthographic":false}