{"cameraMode":{"drawMode":0,"name":"Shaded","section":"Shading Mode"},"sceneLighting":false,"audioPlay":false,"sceneViewState":{"showFog":false,"showMaterialUpdate":false,"showSkybox":false,"showFlares":false,"showImageEffects":false,"showParticleSystems":false},"in2DMode":false,"pivot":{"x":0.16205382347106934,"y":0.19627133011817933,"z":-0.04843592643737793},"rotation":{"x":-0.26741310954093935,"y":-0.31299149990081789,"z":0.09232628345489502,"w":-0.9066741466522217},"size":3.3046703338623049,"orthographic":false}