{"cameraMode":{"drawMode":0,"name":"Shaded","section":"Shading Mode"},"sceneLighting":false,"audioPlay":false,"sceneViewState":{"showFog":true,"showMaterialUpdate":false,"showSkybox":false,"showFlares":true,"showImageEffects":true,"showParticleSystems":true},"in2DMode":false,"pivot":{"x":115.03973388671875,"y":-60.301124572753909,"z":46.812774658203128},"rotation":{"x":0.20703648030757905,"y":0.6265193819999695,"z":-0.1776554137468338,"w":0.7301168441772461},"size":208.38259887695313,"orthographic":false}