{"cameraMode":{"drawMode":0,"name":"Shaded","section":"Shading Mode"},"sceneLighting":false,"audioPlay":false,"sceneViewState":{"showFog":false,"showMaterialUpdate":false,"showSkybox":false,"showFlares":false,"showImageEffects":false,"showParticleSystems":false},"in2DMode":false,"pivot":{"x":0.0061675310134887699,"y":1.641829013824463,"z":-0.007611095905303955},"rotation":{"x":0.0127018503844738,"y":0.8948000073432922,"z":-0.025508727878332139,"w":0.4455588757991791},"size":1.8530354499816895,"orthographic":false}