{"cameraMode":{"drawMode":0,"name":"Shaded","section":"Shading Mode"},"sceneLighting":false,"audioPlay":false,"sceneViewState":{"showFog":true,"showMaterialUpdate":false,"showSkybox":false,"showFlares":true,"showImageEffects":true,"showParticleSystems":true},"in2DMode":false,"pivot":{"x":5.960464477539063e-8,"y":0.0,"z":-0.00278472900390625},"rotation":{"x":-0.15686149895191194,"y":0.6982656717300415,"z":-0.16113463044166566,"w":-0.6796483993530273},"size":1.3578941822052003,"orthographic":false}