{"cameraMode":{"drawMode":0,"name":"Shaded","section":"Shading Mode"},"sceneLighting":false,"audioPlay":false,"sceneViewState":{"showFog":false,"showMaterialUpdate":false,"showSkybox":false,"showFlares":false,"showImageEffects":false,"showParticleSystems":false},"in2DMode":false,"pivot":{"x":-0.0679178237915039,"y":0.08418118953704834,"z":-0.005629777908325195},"rotation":{"x":-0.28858381509780886,"y":-0.02096983604133129,"z":0.006321765948086977,"w":-0.9572351574897766},"size":5.113738059997559,"orthographic":false}