{"cameraMode":{"drawMode":0,"name":"Shaded","section":"Shading Mode"},"sceneLighting":false,"audioPlay":false,"sceneViewState":{"showFog":false,"showMaterialUpdate":false,"showSkybox":false,"showFlares":false,"showImageEffects":false,"showParticleSystems":false},"in2DMode":false,"pivot":{"x":4.470348358154297e-8,"y":0.19119426608085633,"z":0.006497330963611603},"rotation":{"x":-0.002723562764003873,"y":-0.9613680243492127,"z":0.009516127407550812,"w":-0.27509647607803347},"size":0.37348103523254397,"orthographic":false}