{"cameraMode":{"drawMode":0,"name":"Shaded","section":"Shading Mode"},"sceneLighting":false,"audioPlay":false,"sceneViewState":{"showFog":false,"showMaterialUpdate":false,"showSkybox":false,"showFlares":false,"showImageEffects":false,"showParticleSystems":false},"in2DMode":false,"pivot":{"x":-0.07311201095581055,"y":4.487088203430176,"z":-0.02306222915649414},"rotation":{"x":-0.03309334069490433,"y":0.11279649287462235,"z":-0.003752077231183648,"w":-0.9930865168571472},"size":4.843060493469238,"orthographic":false}