{"cameraMode":{"drawMode":0,"name":"Shaded","section":"Shading Mode"},"sceneLighting":false,"audioPlay":false,"sceneViewState":{"showFog":true,"showMaterialUpdate":false,"showSkybox":false,"showFlares":true,"showImageEffects":true,"showParticleSystems":true},"in2DMode":false,"pivot":{"x":-0.309469074010849,"y":0.4108794629573822,"z":-0.1593017578125},"rotation":{"x":-0.031674861907958987,"y":0.9235751032829285,"z":-0.07802820950746536,"w":-0.3741317391395569},"size":1.3709735870361329,"orthographic":false}