{"cameraMode":{"drawMode":0,"name":"Shaded","section":"Shading Mode"},"sceneLighting":false,"audioPlay":false,"sceneViewState":{"showFog":false,"showMaterialUpdate":false,"showSkybox":false,"showFlares":false,"showImageEffects":false,"showParticleSystems":false},"in2DMode":false,"pivot":{"x":-0.038365669548511508,"y":0.31131669878959658,"z":0.08219751715660095},"rotation":{"x":-0.03309334069490433,"y":0.11279649287462235,"z":-0.003752077231183648,"w":-0.9930865168571472},"size":0.5019912123680115,"orthographic":false}