{"cameraMode":{"drawMode":0,"name":"Shaded","section":"Shading Mode"},"sceneLighting":false,"audioPlay":false,"sceneViewState":{"showFog":false,"showMaterialUpdate":false,"showSkybox":false,"showFlares":false,"showImageEffects":false,"showParticleSystems":false},"in2DMode":false,"pivot":{"x":-0.008683860301971436,"y":0.5341053009033203,"z":-0.007545828819274902},"rotation":{"x":0.3231920897960663,"y":-0.31661179661750796,"z":0.11572868376970291,"w":0.8843101859092712},"size":0.31474441289901736,"orthographic":false}