{"cameraMode":{"drawMode":0,"name":"Shaded","section":"Shading Mode"},"sceneLighting":false,"audioPlay":false,"sceneViewState":{"showFog":false,"showMaterialUpdate":false,"showSkybox":false,"showFlares":false,"showImageEffects":false,"showParticleSystems":false},"in2DMode":false,"pivot":{"x":-4.470348358154297e-8,"y":0.0005278997123241425,"z":-0.058054566383361819},"rotation":{"x":-0.2871412932872772,"y":-0.3387129306793213,"z":0.10937376320362091,"w":-0.8893335461616516},"size":0.3458109498023987,"orthographic":false}