{"cameraMode":{"drawMode":0,"name":"Shaded","section":"Shading Mode"},"sceneLighting":false,"audioPlay":false,"sceneViewState":{"showFog":true,"showMaterialUpdate":false,"showSkybox":false,"showFlares":true,"showImageEffects":true,"showParticleSystems":true},"in2DMode":false,"pivot":{"x":1.6482492685317994,"y":4.049366474151611,"z":1.3089334964752198},"rotation":{"x":-0.07008519768714905,"y":0.9240649342536926,"z":-0.20596154034137727,"w":-0.3143303394317627},"size":0.9526194930076599,"orthographic":false}