{"cameraMode":{"drawMode":0,"name":"Shaded","section":"Shading Mode"},"sceneLighting":false,"audioPlay":false,"sceneViewState":{"showFog":false,"showMaterialUpdate":false,"showSkybox":false,"showFlares":false,"showImageEffects":false,"showParticleSystems":false},"in2DMode":false,"pivot":{"x":-0.18895341455936433,"y":0.20116598904132844,"z":0.0},"rotation":{"x":-0.019689295440912248,"y":-0.9707654714584351,"z":0.085548996925354,"w":-0.22341440618038178},"size":0.3464130461215973,"orthographic":false}