{"cameraMode":{"drawMode":0,"name":"Shaded","section":"Shading Mode"},"sceneLighting":false,"audioPlay":false,"sceneViewState":{"showFog":true,"showMaterialUpdate":false,"showSkybox":false,"showFlares":true,"showImageEffects":true,"showParticleSystems":true},"in2DMode":false,"pivot":{"x":4.470348358154297e-8,"y":0.19119426608085633,"z":0.006497330963611603},"rotation":{"x":0.05847831442952156,"y":0.8358538150787354,"z":-0.0909181609749794,"w":0.5382524132728577},"size":0.37348103523254397,"orthographic":false}