{"cameraMode":{"drawMode":0,"name":"Shaded","section":"Shading Mode"},"sceneLighting":false,"audioPlay":false,"sceneViewState":{"showFog":false,"showMaterialUpdate":false,"showSkybox":false,"showFlares":false,"showImageEffects":false,"showParticleSystems":false},"in2DMode":false,"pivot":{"x":-0.02612745761871338,"y":0.5580729246139526,"z":0.005677700042724609},"rotation":{"x":-0.002723562764003873,"y":-0.9613680243492127,"z":0.009516127407550812,"w":-0.27509647607803347},"size":0.9962953925132752,"orthographic":false}