{"cameraMode":{"drawMode":0,"name":"Shaded","section":"Shading Mode"},"sceneLighting":false,"audioPlay":false,"sceneViewState":{"showFog":true,"showMaterialUpdate":false,"showSkybox":false,"showFlares":true,"showImageEffects":true,"showParticleSystems":true},"in2DMode":false,"pivot":{"x":-0.01306372880935669,"y":0.2790364623069763,"z":-0.04506123065948486},"rotation":{"x":0.05847831442952156,"y":0.8358538150787354,"z":-0.0909181609749794,"w":0.5382524132728577},"size":0.948147714138031,"orthographic":false}